{"cameraMode":{"drawMode":0,"name":"Shaded","section":"Shading Mode"},"sceneLighting":false,"audioPlay":false,"sceneViewState":{"showFog":true,"showMaterialUpdate":false,"showSkybox":false,"showFlares":true,"showImageEffects":true,"showParticleSystems":true},"in2DMode":false,"pivot":{"x":-0.78325355052948,"y":2.3793156147003176,"z":-0.1436290144920349},"rotation":{"x":0.3435344398021698,"y":0.5666797757148743,"z":-0.2803007960319519,"w":0.6946306228637695},"size":0.0661461353302002,"orthographic":false}