{"cameraMode":{"drawMode":0,"name":"Shaded","section":"Shading Mode"},"sceneLighting":false,"audioPlay":false,"sceneViewState":{"showFog":true,"showMaterialUpdate":false,"showSkybox":false,"showFlares":true,"showImageEffects":true,"showParticleSystems":true},"in2DMode":false,"pivot":{"x":1.1735684871673585,"y":-1.5859098434448243,"z":2.5710678100585939},"rotation":{"x":-0.20331287384033204,"y":-0.24952954053878785,"z":0.053591206669807437,"w":-0.945406973361969},"size":2.6338536739349367,"orthographic":false}