{"cameraMode":{"drawMode":0,"name":"Shaded","section":"Shading Mode"},"sceneLighting":false,"audioPlay":false,"sceneViewState":{"showFog":true,"showMaterialUpdate":false,"showSkybox":false,"showFlares":true,"showImageEffects":true,"showParticleSystems":true},"in2DMode":false,"pivot":{"x":0.22183622419834138,"y":-0.05153514817357063,"z":-1.1706061363220215},"rotation":{"x":0.22137685120105744,"y":0.654341459274292,"z":-0.21200384199619294,"w":0.6917996406555176},"size":2.3411223888397219,"orthographic":false}