{"cameraMode":{"drawMode":0,"name":"Shaded","section":"Shading Mode"},"sceneLighting":true,"audioPlay":false,"sceneViewState":{"showFog":true,"showMaterialUpdate":true,"showSkybox":true,"showFlares":true,"showImageEffects":true,"showParticleSystems":true},"in2DMode":false,"pivot":{"x":-3.5045249462127687,"y":2.7685112953186037,"z":0.04981996491551399},"rotation":{"x":-0.015357918106019497,"y":-0.9755574464797974,"z":0.20733030140399934,"w":-0.07214141637086868},"size":0.9317685961723328,"orthographic":false}