{"cameraMode":{"drawMode":0,"name":"Shaded","section":"Shading Mode"},"sceneLighting":false,"audioPlay":false,"sceneViewState":{"showFog":true,"showMaterialUpdate":true,"showSkybox":false,"showFlares":true,"showImageEffects":true,"showParticleSystems":true},"in2DMode":false,"pivot":{"x":-10.369999885559082,"y":0.5,"z":2.490000009536743},"rotation":{"x":0.0012294324114918709,"y":0.9892191290855408,"z":0.008603060618042946,"w":-0.14647427201271058},"size":1.658312439918518,"orthographic":false}