{"cameraMode":{"drawMode":0,"name":"Shaded","section":"Shading Mode"},"sceneLighting":false,"audioPlay":false,"sceneViewState":{"showFog":true,"showMaterialUpdate":false,"showSkybox":false,"showFlares":true,"showImageEffects":true,"showParticleSystems":true},"in2DMode":false,"pivot":{"x":0.11995543539524079,"y":1.7389438152313233,"z":-1.6938729286193848},"rotation":{"x":0.15037846565246583,"y":-0.28733620047569277,"z":0.04570969566702843,"w":0.9449650645256043},"size":0.10677085816860199,"orthographic":false}