{"cameraMode":{"drawMode":0,"name":"Shaded","section":"Shading Mode"},"sceneLighting":false,"audioPlay":false,"sceneViewState":{"showFog":true,"showMaterialUpdate":false,"showSkybox":true,"showFlares":true,"showImageEffects":true,"showParticleSystems":true},"in2DMode":false,"pivot":{"x":-5.347536087036133,"y":-3.9730288982391359,"z":-11.90800666809082},"rotation":{"x":-0.01929599791765213,"y":0.9602113962173462,"z":-0.2719271779060364,"w":-0.06566138565540314},"size":7.487898349761963,"orthographic":false}