{"cameraMode":{"drawMode":0,"name":"Shaded","section":"Shading Mode"},"sceneLighting":false,"audioPlay":false,"sceneViewState":{"showFog":true,"showMaterialUpdate":false,"showSkybox":false,"showFlares":true,"showImageEffects":true,"showParticleSystems":true},"in2DMode":false,"pivot":{"x":1.3985236883163453,"y":8.096355438232422,"z":0.8055669069290161},"rotation":{"x":-0.3000620901584625,"y":0.6310951709747315,"z":-0.28859376907348635,"w":-0.6548041105270386},"size":1.6330125331878663,"orthographic":false}