{"cameraMode":{"drawMode":0,"name":"Shaded","section":"Shading Mode"},"sceneLighting":false,"audioPlay":false,"sceneViewState":{"showFog":true,"showMaterialUpdate":false,"showSkybox":true,"showFlares":true,"showImageEffects":true,"showParticleSystems":true},"in2DMode":false,"pivot":{"x":6.40144157409668,"y":3.4487390518188478,"z":3.2747716903686525},"rotation":{"x":0.026806196197867395,"y":-0.9220933318138123,"z":0.38245850801467898,"w":0.05908981338143349},"size":1.7320539951324463,"orthographic":false}