{"cameraMode":{"drawMode":0,"name":"Shaded","section":"Shading Mode"},"sceneLighting":true,"audioPlay":false,"sceneViewState":{"showFog":true,"showMaterialUpdate":false,"showSkybox":true,"showFlares":true,"showImageEffects":true,"showParticleSystems":true},"in2DMode":false,"pivot":{"x":13.314011573791504,"y":-3.9232170581817629,"z":10.840153694152832},"rotation":{"x":0.2488069236278534,"y":0.30038774013519289,"z":-0.08148808032274246,"w":0.9171856045722961},"size":8.627917289733887,"orthographic":true}