{"cameraMode":{"drawMode":0,"name":"Shaded","section":"Shading Mode"},"sceneLighting":false,"audioPlay":false,"sceneViewState":{"showFog":true,"showMaterialUpdate":false,"showSkybox":false,"showFlares":true,"showImageEffects":true,"showParticleSystems":true},"in2DMode":false,"pivot":{"x":-2.431159019470215,"y":0.8871850371360779,"z":8.282286643981934},"rotation":{"x":-0.04256076365709305,"y":0.954020082950592,"z":-0.25045251846313479,"w":-0.16022464632987977},"size":0.7330126166343689,"orthographic":false}