{"cameraMode":{"drawMode":0,"name":"Shaded","section":"Shading Mode"},"sceneLighting":false,"audioPlay":false,"sceneViewState":{"showFog":true,"showMaterialUpdate":false,"showSkybox":true,"showFlares":true,"showImageEffects":true,"showParticleSystems":true},"in2DMode":false,"pivot":{"x":-2.63800048828125,"y":7.228896141052246,"z":7.886680603027344},"rotation":{"x":-0.5118700861930847,"y":0.04146311804652214,"z":-0.02411828190088272,"w":-0.8579389452934265},"size":0.8660253882408142,"orthographic":false}