{"cameraMode":{"drawMode":0,"name":"Shaded","section":"Shading Mode"},"sceneLighting":false,"audioPlay":false,"sceneViewState":{"showFog":true,"showMaterialUpdate":false,"showSkybox":true,"showFlares":true,"showImageEffects":true,"showParticleSystems":true},"in2DMode":false,"pivot":{"x":0.9668409824371338,"y":-4.17360782623291,"z":10.100204467773438},"rotation":{"x":-0.36602169275283816,"y":-0.01841135323047638,"z":0.008218683302402497,"w":-0.9306991100311279},"size":10.0,"orthographic":false}