{"cameraMode":{"drawMode":0,"name":"Shaded","section":"Shading Mode"},"sceneLighting":false,"audioPlay":false,"sceneViewState":{"showFog":true,"showMaterialUpdate":false,"showSkybox":false,"showFlares":true,"showImageEffects":true,"showParticleSystems":true},"in2DMode":false,"pivot":{"x":-5.91672945022583,"y":0.6778256893157959,"z":0.5165143013000488},"rotation":{"x":-0.17251411080360413,"y":0.7771077156066895,"z":-0.2403707057237625,"w":-0.5558121800422669},"size":0.7330126166343689,"orthographic":false}