{"cameraMode":{"drawMode":0,"name":"Shaded","section":"Shading Mode"},"sceneLighting":false,"audioPlay":false,"sceneViewState":{"showFog":true,"showMaterialUpdate":false,"showSkybox":false,"showFlares":true,"showImageEffects":true,"showParticleSystems":true},"in2DMode":false,"pivot":{"x":0.07361795008182526,"y":1.7339063882827759,"z":-1.2452147006988526},"rotation":{"x":0.22625760734081269,"y":-0.6471543312072754,"z":0.21003428101539613,"w":0.6972136497497559},"size":0.10677085816860199,"orthographic":false}