{"cameraMode":{"drawMode":0,"name":"Shaded","section":"Shading Mode"},"sceneLighting":false,"audioPlay":false,"sceneViewState":{"showFog":true,"showMaterialUpdate":false,"showSkybox":true,"showFlares":true,"showImageEffects":true,"showParticleSystems":true},"in2DMode":false,"pivot":{"x":42.44584655761719,"y":12.800313949584961,"z":8.006200790405274},"rotation":{"x":-0.44999775290489199,"y":0.537161648273468,"z":-0.4169311225414276,"w":-0.5791701674461365},"size":0.4330126941204071,"orthographic":false}